Strain/Species,Female 1,Female 1 DOB,Female 2,Female 2 DOB,Female 3,Female 3 DOB,Male 1,Male 1 DOB,Male 2,Male 2 DOB,Date Bred,DOB of Litter,# of Pups Born,Date of Weaning,# of Pups Weaned,# of Females,# of Males,,Animals IDs that are crossed out have been euthanized
B6-Cdh23 KI,1461,12/14/2022, , , , ,1462,12/14/2022, , , ,2/23/2023, ,3/21/2023,9,6,3,,DOB formula
B6-Cdh23 KI,1472,9/23/2022,1473,9/23/2022, , ,1474,9/23/2022, , , ,2/24/2023, , ,6,3,3,,"INDEX('All-Mice'!$A:$E,MATCH(B226,'All-Mice'!$A:$A,0),5)"
B6-Cdh23 KI,1634,5/20/2023, , , , ,1635,5/20/2023, , , ,9/8/2023, , ,12,6,6,,
B6-Cdh23 KI,1769,4/11/2023, , , , ,1771,4/11/2023, , , ,9/7/2023, , ,4,2,2,,
B6-Cdh23 KI,2310,10/30/2023,2311,10/30/2023, , ,2305,10/1/2023, , , ,1/31/2024, ,2/26/2024,4,0,4,,
B6-Cdh23 KI,2320,7/13/2023, , , , ,2321,7/13/2023, , ,11/3/2023,11/25/2023,9,12/20/2023,10,5,5,,
B6-Cdh23 KI,2320,7/13/2023, , , , ,2321,7/13/2023, , ,11/3/2023,1/17/2024,11, ,11,5,6,,
B6N,2304,10/1/2023, , , , ,2305,10/1/2023, , ,12/20/2023,1/23/2024,4, ,1,1,0,,
B6N,2304,10/1/2023, , , , ,2305,10/1/2023, , ,12/20/2023,4/29/2024,4,5/20/2024,4,1,3,,
B6N,2304,10/1/2023, , , , ,2305,10/1/2023, , ,12/20/2023,3/12/2024,7,4/2/2024,7,1,6,,
B6N,2304,10/1/2023, , , , ,2305,10/1/2023, , ,12/20/2023,1/8/2024,3,2/6/2024,3,1,2,,
B6N,2304,10/1/2023, , , , ,2305,10/1/2023, , ,12/20/2023,5/22/2024,4,6/12/2024,4,3,1,,
B6N-Cdh23 KI,2322,7/13/2023, , , , ,2323,7/13/2023, , ,11/3/2023,12/11/2023,8,12/31/2023,8,4,4,,
B6N-Cdh23 KI,2322,7/13/2023, , , , ,2323,7/13/2023, , ,11/3/2023,12/31/2023,4,Found Dead,Found Dead, , ,,
B6N-Cdh23 KI,2322,7/13/2023, , , , ,2323,7/13/2023, , ,11/3/2023,1/20/2024,8,2/13/2024,8, , ,,
B6N-Cdh23 KI,2322,7/13/2023, , , , ,2323,7/13/2023, , ,11/3/2023,2/12/2024,4,3/5/2024,4, , ,,
B6N-Cdh23 KI,2322,7/13/2023, , , , ,2323,7/13/2023, , ,11/3/2023,3/4/2024,3,Found Dead,Found Dead, , ,,
B6N-Cdh23 KI,2324,9/7/2023, , , , ,2325,9/7/2023, , ,10/23/2023,11/15/2023,5,12/12/2023,5, , ,,
B6N-Cdh23 KI,2324,9/7/2023, , , , ,2325,9/7/2023, , ,10/23/2023,1/2/2024,9,2/6/2024,7, , ,,
B6N-Cdh23 KI,2324,9/7/2023, , , , ,2325,9/7/2023, , ,10/23/2023,1/26/2024,Found Dead,Found Dead,Found Dead, , ,,
B6N-Cdh23 KI,2324,9/7/2023, , , , ,2325,9/7/2023, , ,10/23/2023,2/26/2024,4,Found Dead,Found Dead, , ,,
B6N-Cdh23 KI,2326,9/7/2023, , , , ,2327,9/7/2023, , ,10/23/2023,11/16/2023,8,12/12/2023,8, , ,,
B6N-Cdh23 KI,2326,9/7/2023, , , , ,2327,9/7/2023, , ,10/23/2023,12/11/2023,Found Dead,Found Dead,Found Dead, , ,,
B6N-Cdh23 KI,2326,9/7/2023, , , , ,2327,9/7/2023, , ,10/23/2023,1/15/2024,9,2/8/2024,9,4,5,,
B6N-Cdh23 KI,2326,9/7/2023, , , , ,2327,9/7/2023, , ,10/23/2023,2/29/2024,3,Found Dead,Found Dead, , ,,
B6N-Cdh23 KI,2326,9/7/2023, , , , ,2327,9/7/2023, , ,10/23/2023,2/8/2024,7,3/1/2024,7, , ,,
B6N-Cdh23 KI,2377,1/15/2024, , , , ,2381,1/15/2024, , ,3/19/2024,4/29/2024,8,5/20/2024,8,5,3,,
B6N-Cdh23 KI,2378,1/15/2024, , , , ,2382,1/15/2024, , ,3/19/2024,4/9/2024,6,5/1/2024,6,2,4,,
B6N-Cdh23 KI,2378,1/15/2024, , , , ,2382,1/15/2024, , ,3/19/2024,5/1/2024,10,5/21/2024,8,2,6,,
B6N-Cdh23 KI,2378,1/15/2024, , , , ,2382,1/15/2024, , ,3/19/2024,5/22/2024,6,6/12/2024,5,2,3,,
C57BL/6J,2663,1/11/2024, , , , ,2665,1/11/2024, , ,3/13/2024,4/17/2024,6,5/20/2024,6,3,3,,
C57BL/6J,2663,1/11/2024, , , , ,2665,1/11/2024, , ,3/13/2024,5/4/2024,7,Found Dead,Found Dead,,,,
C57BL/6J,2664,1/11/2024, , , , ,2666,1/11/2024, , ,3/13/2024,4/8/2024,7,4/29/2024,7,3,4,,
C57BL/6J,2664,1/11/2024, , , , ,2666,1/11/2024, , ,3/13/2024,4/29/2024,6,Found Dead,Found Dead, , ,,
C57BL/6J,2664,1/11/2024, , , , ,2666,1/11/2024, , ,3/13/2024,5/16/2024,5,6/10/2024,5,4,1,,
C57BL/6J; Dp16,2660,1/11/2024, , , , ,2213,1/12/2024, , ,3/13/2024,4/5/2024,6,4/22/2024,6,3,3,,
C57BL/6J; Dp16,2660,1/11/2024, , , , ,2213,1/12/2024, , ,3/13/2024,5/10/2024,5,6/6/2024,5,2,3,,
C57BL/6J; Dp16,2661,1/11/2024, , , , ,2217,1/12/2024, , ,3/13/2024,4/5/2024,6,4/22/2024,6,2,4,,
C57BL/6J; Dp16,2661,1/11/2024, , , , ,2217,1/12/2024, , ,3/13/2024,4/24/2024,3,5/16/2024,2,1,1,,
C57BL/6J; Dp16,2661,1/11/2024, , , , ,2217,1/12/2024, , ,3/13/2024,5/15/2024,7,6/6/2024,4,2,,,
C57BL/6J; Dp16,2662,1/11/2024, , , , ,2222,1/1/2024, , ,3/13/2024,4/9/2024, ,Found Dead,Found Dead, , ,,
C57BL/6J; Dp16,2662,1/11/2024, , , , ,2222,1/1/2024, , ,3/13/2024,5/6/2024,4,5/30/2024,4,2,2,,
Cachd1 KO,1300,12/27/2022, , , , ,1302,12/27/2022, , , ,5/25/2023, , ,2,1,1,,
Cachd1 KO,1454,8/20/2022, , , , ,1455,8/20/2022, , , ,3/28/2023, , ,2,1,1,,
Cachd1 KO,1456,2/13/2023,1457,2/13/2023, , ,1458,2/13/2023, , , ,6/2/2023, , ,6,3,3,,
Cachd1 KO,1743,5/25/2023, , , , ,1744,5/25/2023, , , ,7/31/2023,2,8/25/2023,2, , ,,
Cachd1 KO,1743,5/25/2023, , , , ,1744,5/25/2023, , , ,9/10/2023,8,10/5/2023,4,2,2,,
Cachd1 KO,1743,5/25/2023, , , , ,1744,5/25/2023, , , ,12/16/2023,5,1/9/2024,2,1,1,,
Cachd1 KO,2399,9/10/2023, , , , ,2400,9/10/2023, , ,1/9/2024, , , , , , ,,
Cachd1 KO,2401,9/10/2023, , , , ,2402,9/10/2023, , ,1/9/2024, , , , , ,0,,
Cachd1 KO,2403,12/16/2023, , , , ,2404,12/16/2023, , ,2/19/2024,3/13/2024,5,4/5/2024,5,3,2,,
Cachd1 KO,2403,12/16/2023, , , , ,2404,12/16/2023, , ,2/19/2024,5/6/2024,8,5/28/2024,8,3,5,,
Dp16,2098,8/8/2023, , , , ,2074,8/8/2023, , ,11/9/2023,11/28/2023,9,12/20/2023,9,3,6,,
Dp16,2098,8/8/2023, , , , ,2074,8/8/2023, , ,11/9/2023,12/28/2023,6,1/19/2024,6,3,3,,
Dp16,2098,8/8/2023, , , , ,2074,8/8/2023, , ,11/9/2023,3/19/2024,12,4/2/2024,12,Too small to determine,Too small to determine,,
Dp16,2098,8/8/2023, , , , ,2074,8/8/2023, , ,11/9/2023,2/4/2024,11,2/27/2024,11,5,6,,
Dp16,2098,8/8/2023, , , , ,2074,8/8/2023, , ,11/9/2023,4/30/2024,3,5/20/2024,3,2,1,,
Dp16,2099,8/8/2023, , , , ,2076,8/22/2023, , ,11/9/2023,11/28/2023,7,12/22/2023,6, , ,,
Dp16,2099,8/8/2023, , , , ,2076,8/22/2023, , ,11/9/2023,3/18/2024,7,4/2/2024,7,2,5,,
Dp16,2099,8/8/2023, , , , ,2076,8/22/2023, , ,11/9/2023,5/20/2024,6,6/11/2024,6,2,4,,
Dp16,2099,8/8/2023, , , , ,2076,8/22/2023, , ,11/9/2023,4/8/2024,6,5/8/2024,2,0,2,,
Dp16,2099,8/8/2023, , , , ,2076,8/22/2023, , ,11/9/2023,1/1/2024,10,2/6/2024,9,6,3,,
Dp16,2100,8/8/2023, , , , ,2073,8/22/2023, , ,11/9/2023,11/27/2024,8,12/22/2023,8, , ,,
Dp16,2100,8/8/2023, , , , ,2073,8/22/2023, , ,11/9/2023,3/9/2024,12,3/28/2024,10,5,5,,
Dp16,2100,8/8/2023, , , , ,2073,8/22/2023, , ,11/9/2023,2/6/2024, ,Found Dead,Found Dead, , ,,
Dp16,2100,8/8/2023, , , , ,2073,8/22/2023, , ,11/9/2023,4/21/2024,12,5/15/2024,12,8,4,,
Dp16,2100,8/8/2023, , , , ,2073,8/22/2023, , ,11/9/2023,1/12/2024,10,2/6/2024,10,4,6,,
Dp16,B6, , , , , ,1614,2/14/2023,1615,2/14/2023, ,10/30/2023, , ,12,7,5,,
Dp16; Ifnr KO,1655,3/28/2023,1656,3/28/2023,,,1614,2/14/2023, , , ,7/2/2023, , ,4,2,2,,
Dp16; Ifnr KO,1655,3/28/2023,1656,3/28/2023,,,1614,2/14/2023, , , ,7/3/2023, , ,8,3,5,,
Dp16; Ifnr KO,1655,3/28/2023,1656,3/28/2023,,,1614,2/14/2023, , , ,8/22/2023, , ,9,2,7,,
Dp16; Ifnr KO,1655,3/28/2023,1656,3/28/2023,,,1614,2/14/2023, , , ,10/6/2023, , ,9,2,7,,
Dp16; Ifnr KO,1657,4/12/2023,1658,4/12/2023,1659,4/12/2023,1615,2/14/2023, , ,6/9/2023,7/2/2023, , ,9,5,4,,
Dp16; Ifnr KO,1657,4/12/2023,1658,4/12/2023,1659,4/12/2023,1615,2/14/2023, , ,6/9/2023,7/4/2023, , ,8,5,3,,
Dp16; Ifnr KO,1657,4/12/2023,1658,4/12/2023,1659,4/12/2023,1615,2/14/2023, , ,6/9/2023,9/21/2023, , ,5,2,3,,
Ifnr KO,1647,1/19/2023, , , , ,1650,3/28/2023, , , ,8/6/2023, , ,3,2,1,,
Ifnr KO,1648,1/31/2023, , , , ,1649,3/28/2023, , , ,8/8/2023, , ,8,4,4,,
Ifnr KO,1654,3/30/2023, , , , ,1652,1/16/2023, , , ,7/17/2023, , ,9,5,4,,
Ifnr KO,2094,8/6/2023,2095,8/6/2023, , ,2096,8/6/2023, , ,11/9/2023,1/11/2024,8,2/6/2024,8,2,6,,
Ifnr KO,2094,8/6/2023,2095,8/6/2023, , ,2096,8/6/2023, , ,11/9/2023,12/20/2024,6,Found Dead,Found Dead, , ,,
Ifnr KO,2094,8/6/2023,2095,8/6/2023, , ,2096,8/6/2023, , ,11/9/2023,11/28/2023,8,12/20/2023,8, , ,,
Ifnr KO,2094,8/6/2023,2095, , , ,2096,8/6/2023, , ,11/9/2023,3/10/2024,10,4/2/2024,9,5,4,,
Ifnr KO,2094,8/6/2023,2095, , , ,2096,8/6/2023, , ,11/9/2023,2/13/2024, ,Found Dead,Found Dead, , ,,
Ifnr KO,2094,8/6/2023,2095, , , ,2096,8/6/2023, , ,11/9/2023,4/24/2024,11,5/16/2024,11,4,7,,
Ifnr KO,2094,8/6/2023,2095,8/6/2023, , ,2096,8/6/2023, , ,11/9/2023,12/28/2023,5,1/19/2024,5, , ,,
Ifnr KO,2097,8/8/2023, , , , ,2104,8/8/2023, , , ,12/27/2023, , ,6,3,3,,
Ifnr KO,2094,8/6/2023,2095,8/6/2023, , ,2096,8/6/2023, , ,11/9/2023,3/7/2024,8,3/28/2024,8,4,4,,
Myd88 KO,1306,10/24/2022,1307,10/24/2022, , ,1308,10/24/2022, , , ,3/25/2023, , ,5,3,2,,
Myd88 KO,1757,3/25/2023,1758,3/25/2023, , ,1759,3/25/2023, , , ,8/10/2023, , ,6,3,3,,
Myd88 KO,1760,3/25/2023, , , , ,1761,3/25/2023, , , ,5/29/2023, , ,4,2,2,,
Myd88 KO,1760,3/25/2023, , , , ,1761,3/25/2023, , , ,8/28/2023, , ,3,2,1,,
Myd88 KO,1985,8/28/2023,1986,8/28/2023, , ,1987,8/28/2023, , ,9/22/2023,12/2/2023,5,12/28/2023,4,2,2,,
Myd88 KO,1985,8/28/2023,1986,8/28/2023, , ,1987,8/28/2023, , ,9/22/2023,10/3/2023,7,10/31/2023,7, , ,,
Myd88 KO,1985,8/28/2023,1986,8/28/2023, , ,1987,8/28/2023, , ,9/22/2023,2/27/2024,7,3/19/2024,6, , ,,
Myd88 KO,1985,8/28/2023,1986,8/28/2023, , ,1987,8/28/2023, , ,9/22/2023,1/15/2024,10,2/8/2024,10,5,2,,
Myd88 KO,2312,12/2/2023, , , , ,2314,12/2/2023, , ,3/12/2024,4/4/2024,9,4/26/2024,9,3,6,,
Myd88 KO,2313,12/2/2023, , , , ,2315,12/2/2023, , ,3/12/2024,4/2/2024,7,4/26/2024,7, ,7,,
Myd88 KO; Cdh23 KI,1180,11/7/2022, , , , ,1185,10/31/2022, , , ,2/3/2023, , ,6,3,3,,
Myd88 KO; Cdh23 KI,1413,2/3/2023, , , , ,1417,2/3/2023, , , ,4/22/2023, , ,9,4,5,,
Myd88 KO; Cdh23 KI,1661,4/22/2023, , , , ,1667,4/22/2023, , , ,7/25/2023, , ,4,2,2,,
Myd88 KO; Cdh23 KI,1662,4/22/2023, , , , ,1666,4/22/2023, , , ,7/25/2023, , ,4,2,2,,
Myd88 KO; Cdh23 KI,1992,7/25/2023,1993,7/25/2023, , ,1994,7/25/2023, , ,9/22/2023,11/25/2023,7,12/20/2023,6,4,2,,
Myd88 KO; Cdh23 KI,1992,7/25/2023,1993,7/25/2023, , ,1994,7/25/2023, , ,9/22/2023,1/24/2024,6, ,3,2,1,,
Myd88 KO; Cdh23 KI,1992,7/25/2023,1993,7/25/2023, , ,1994,7/25/2023, , ,9/22/2023,10/17/2023,4,11/19/2023,4, , ,,
Myd88 KO; Cdh23 KI,1992,7/25/2023,1993,7/25/2023, , ,1994,7/25/2023, , ,9/22/2023,11/9/2023,Found Dead,Found Dead,Found Dead, , ,,
Myd88 KO; Cdh23 KI,1992,7/25/2023,1993,7/25/2023, , ,1994,7/25/2023, , ,9/22/2023,12/20/2023,Found Dead,Found Dead,Found Dead, , ,,
Myd88 KO; Cdh23 KI,2456,11/25/2023,2457,11/25/2023, , ,2458,11/25/2023, , ,1/19/2024,4/20/2024,8, , , ,0,,
Myd88 KO; Cdh23 KI,2456,11/25/2023,2457,11/25/2023, , ,2458,11/25/2023, , ,1/19/2024,3/4/2024,3,3/25/2024,3,2,1,,
Myd88 KO; Cdh23 KI,2459,11/25/2023,2460,11/25/2023, , ,2461,11/25/2023, , ,1/19/2024,4/2/2024,3,Found Dead,Found Dead, , ,,
Myd88 KO; Cdh23 KI,2454,,,,,,2455,,,,,,,,,,,,
Myd88 KO; Cdh23 KI,2459,11/25/2023,2460,11/25/2023, , ,2461,11/25/2023, , ,1/19/2024,4/2/2024,3,Found Dead,Found Dead, ,,,
Myd88 KO; Cdh23 KI,2459,11/25/2023,2460,11/25/2023, , ,2461,11/25/2023, , ,1/19/2024,2/11/2024,3,Found Dead,Found Dead, , ,,
Myd88 KO; Cdh23 KI,2459,11/25/2023,2460,11/25/2023, , ,2461,11/25/2023, , ,1/19/2024,3/5/2024,5,4/2/2024,5,1,4,,
Myd88-loxp; Cdh23 KI,886, , , , , ,Cdh23 KI/KI, , , , ,10/31/2023, , ,7,3,4,,
Myd88-loxp; Cdh23 KI,1070,10/28/2022, , , , ,1072,10/28/2022, , , ,8/2/2023, , ,4,2,2,,
Myd88-loxp; Cdh23 KI,1137,10/31/2022,1139,10/31/2022, , ,1143,10/31/2022, , , ,2/3/2023, , ,11,5,6,,
Myd88-loxp; Cdh23 KI,1137,10/31/2022,1139,10/31/2022, , ,1143,10/31/2022, , , ,3/3/2023, ,3/27/2023,9,4,5,,
Myd88-loxp; Cdh23 KI,1137,10/31/2022,1139,10/31/2022, , ,1143,10/31/2022, , , ,4/24/2023, , ,9,2,7,,
Myd88-loxp; Cdh23 KI,1179,11/7/2022, , , , ,1184,10/31/2022, , , ,1/28/2023, , ,5,4,1,,
Myd88-loxp; Cdh23 KI,2000,8/2/2023, , , , ,2002,8/2/2023, , ,9/22/2023,10/24/2023,5,11/21/2023,4,2,2,,
Myd88-loxp; Cdh23 KI,2000,8/2/2023, , , , ,2002,8/2/2023, , ,9/22/2023,1/13/2024,1,2/7/2024,1, , ,,
Myd88-loxp; Cdh23 KI,2001,8/2/2023, , , , ,2003,8/2/2023, , ,9/22/2023,10/10/2023,5,11/9/2023,5, , ,,
Myd88-loxp; Cdh23 KI,2001,8/2/2023, , , , ,2003,8/2/2023, , ,9/22/2023,11/25/2023,8,12/20/2023,6,3,3,,
Myd88-loxp; Cdh23 KI,2001,8/2/2023, , , , ,2003,8/2/2023, , ,9/22/2023,12/20/2023,6,Found Dead,Found Dead, , ,,
Myd88-loxp; Cdh23 KI,2494,11/25/2023, , , , ,2497,11/25/2023, , ,4/10/2024, , , , , , ,,
Myd88-loxp; Cdh23 KI,2493,11/25/2023, , , , ,2495,11/25/2023, , ,4/10/2024,5/2/2024,5,5/24/2024,5,3,2,,
Pax2-Cre; B6N-Cdh23 KI,1183,11/7/2022, , , , ,1133,11/18/2022, , , ,2/2/2023, , ,4,1,3,,
Pax2-Cre; B6N-Cdh23 KI,1201,11/17/2022, , , , ,1125,10/31/2022, , , ,2/4/2023, , ,7,3,4,,
Pax2-Cre; B6N-Cdh23 KI,1491,12/31/2022,1492,12/31/2022, , ,1404,2/2/2023, , , ,4/12/2023, , ,8,0,8,,
Pax2-Cre; B6N-Cdh23 KI,1491,12/31/2022,1492,12/31/2022, , ,1404,2/2/2023, , , ,5/24/2023, , ,4,0,4,,
Pax2-Cre; B6N-Cdh23 KI,1491,12/31/2022,1492,12/31/2022, , ,1404,2/2/2023, , , ,8/4/2023, , ,3,0,3,,
Pax2-Cre; B6N-Cdh23 KI,1778,5/21/2023, , , , ,1704,4/12/2023, , , ,9/14/2023, , ,4,0,4,,
Pax2-Cre; B6N-Cdh23 KI,1779,5/21/2023, , , , ,1710,4/13/2023, , , ,8/11/2023, , ,2,0,2,,
Pax2-Cre; B6N-Cdh23 KI,1779,5/21/2023, , , , ,1710,4/13/2023, , , ,9/21/2023, , ,4,0,4,,
Pax2-Cre; B6N-Cdh23 KI,1779,5/21/2023, , , , ,1710,4/13/2023, , , ,12/25/2023, , ,1,0,1,,
Pax2-Cre; B6N-Cdh23 KI,2237,10/30/2023,2238,10/30/2023, , ,2067,9/21/2023, , ,1/9/2024,1/30/2024,7,2/21/2024,7,6,1,,
Pax2-Cre; B6N-Cdh23 KI,2237,10/30/2023,2238,10/30/2023, , ,2067,9/21/2023, , ,1/9/2024,3/17/2024,13,4/12/2024,13,5,8,,
Pax2-Cre; B6N-Cdh23 KI,2237,10/30/2023,2238,10/30/2023, , ,2067,9/21/2023, , ,1/9/2024,5/4/2024,2,Found Dead,Found Dead,,,,
Pax2-Cre; B6N-Cdh23 KI,2237,10/30/2023,2238,10/30/2023, , ,2067,9/21/2023, , ,1/9/2024,2/4/2024,7,2/26/2024,4,0,4,,
Pax2-Cre; B6N-Cdh23 KI,2239,7/13/2023, , , , ,2056,8/4/2023, , ,11/2/2023,11/24/2023,6, ,2,0,2,,
Pax2-Cre; B6N-Cdh23 KI,2239,7/13/2023, , , , ,2056,8/4/2023, , ,11/2/2023,4/3/2024,2,4/26/2024,2,2,0,,
Pax2-Cre; B6N-Cdh23 KI,2239,7/13/2023, , , , ,2056,8/4/2023, , ,11/2/2023,2/17/2024,10,3/10/2024,10,6,4,,
Pax2-Cre; B6N-Cdh23 KI,2239,7/13/2023, , , , ,2056,8/4/2023, , ,11/2/2023,1/2/2024,12,1/26/2024,5,0,5,,
Pax2-Cre; Myd88-loxp,1021,9/8/2022, , , , ,1028,9/8/2022, , , ,12/12/2022, , ,7,1,6,,
Pax2-Cre; Myd88-loxp,1021,9/8/2022, , , , ,1028,9/8/2022, , , ,1/26/2023, , ,6,6,0,,
Pax2-Cre; Myd88-loxp,1030,9/25/2022,1035,9/25/2022, , ,1036,9/25/2022, , , ,1/7/2023, , ,8,6,2,,
Pax2-Cre; Myd88-loxp,1030,9/25/2022,1035,9/25/2022, , ,1036,9/25/2022, , , ,2/15/2023, , ,6,3,3,,
Pax2-Cre; Myd88-loxp,1030,9/25/2022, , , , ,1036,9/25/2022, , , ,12/16/2022, , ,6,4,2,,
Pax2-Cre; Myd88-loxp,1272,1/7/2023,1273,1/7/2023, , ,1277,1/7/2023, , , ,6/21/2023, , ,6,4,2,,
Pax2-Cre; Myd88-loxp,1272,1/7/2023,1273,1/7/2023, , ,1277,1/7/2023, , , ,7/1/2023, , ,3,0,3,,
Pax2-Cre; Myd88-loxp,1272,1/7/2023,1273,1/7/2023, , ,1277,1/7/2023, , , ,8/11/2023, , ,3,1,2,,
Pax2-Cre; Myd88-loxp,1272,1/7/2023,1273,1/7/2023, , ,1277,1/7/2023, , , ,9/24/2023, , ,4,3,1,,
Pax2-Cre; Myd88-loxp,1272,1/7/2023,1273,1/7/2023, , ,1277,1/7/2023, , , ,9/27/2023, , ,6,5,1,,
Pax2-Cre; Myd88-loxp,1272,1/7/2023,1273,1/7/2023, , ,1277,1/7/2023, , , ,11/19/2023, , ,4,2,2,,
Pax2-Cre; Td-Tomato,1050,8/25/2022,1051,8/25/2022, , ,857, , , , ,11/30/2022, , ,17,8,9,,
Pax2-Cre; Td-Tomato,1050,8/25/2022,1051,8/25/2022, , ,857, , , , ,4/24/2023, , ,6,3,3,,
Pax2-Cre; Td-Tomato,1050,8/25/2022,1051,8/25/2022, , ,857, , , , ,3/6/2023, , ,10,6,4,,
Pax2-Cre; Td-Tomato,1050,8/25/2022,1051,8/25/2022, , ,857, , , , ,12/19/2022, , ,5,4,1,,
Pax2-Cre; Td-Tomato,1098,11/30/2022,1099,11/30/2022, , ,1111,11/30/2022, , , ,3/1/2023, ,3/27/2023,7,3,4,,
Pax2-Cre; Td-Tomato,1098,11/30/2022, , , , ,1111,11/30/2022, , , ,2/7/2023, , ,11,4,7,,
Pax2-Cre; Td-Tomato,1303,12/27/2022, , , , ,1364,2/7/2023, , , ,6/30/2023, , ,3,2,1,,
Pax2-Cre; Td-Tomato,1362,2/7/2023, , , , ,1366,2/7/2023, , , ,8/7/2023, , ,5,4,1,,
Pax2-Cre; Td-Tomato,1362,2/7/2023, , , , ,1366,2/7/2023, , , ,9/24/2023, , ,8,4,4,,
Pax2-Cre; Td-Tomato,1363,2/7/2023, , , , ,1364,2/7/2023, , , ,8/8/2023, , ,4,3,1,,
Pax2-Cre; Td-Tomato,2020,8/7/2023, , , , ,2035,9/24/2023, , , ,11/30/2023,5,12/22/2023,5, , ,,
Pax2-Cre; Td-Tomato,2020,8/7/2023, , , , ,2035,9/24/2023, , , ,12/31/2023,2,1/26/2024,2, , ,,
Pax2-Cre; Td-Tomato,2020,8/7/2023, , , , ,2035,9/24/2023, , , ,1/15/2024,5,2/6/2024,5, , ,,
Pax2-Cre; Td-Tomato,2020,8/7/2023, , , , ,2035,9/24/2023, , , ,2/12/2024,4,3/5/2024,4, , ,,
Pax2-Cre; Td-Tomato,2020,8/7/2023, , , , ,2035,9/24/2023, , , ,3/4/2024,2,Missing,Missing, , ,,
Pax2-Cre; Td-Tomato,2020,8/7/2023, , , , ,2035,9/24/2023, , , ,3/24/2024,4,4/16/2024,3,0,3,,
Pax2-Cre; Tlr4-loxp,791, , , , , ,797, , , , ,11/5/2022, , ,8,3,5,,
Pax2-Cre; Tlr4-loxp,826, ,827, ,828, ,798, ,941,8/25/2022, ,10/24/2022, , ,7,3,4,,
Pax2-Cre; Tlr4-loxp,826, ,827, ,828, ,798, ,941,8/25/2022, ,11/7/2022, , ,15,5,10,,
Pax2-Cre; Tlr4-loxp,826, ,827, ,828, ,798, ,941,8/25/2022, ,12/29/2022, , ,10,6,4,,
Pax2-Cre; Tlr4-loxp,826, ,827, ,828, ,798, ,941,8/25/2022, ,12/16/2022, , ,10,3,7,,
Pax2-Cre; Tlr4-loxp,943,9/25/2022, , , , ,962,10/1/2022, , , ,12/20/2022, , ,7,5,2,,
Pax2-Cre; Tlr4-loxp,1073,11/5/2022,1074,11/5/2022, , ,1091,11/7/2022, , , ,2/5/2023, , ,8,4,4,,
Pax2-Cre; Tlr4-loxp,1073,11/5/2022,1074,11/5/2022, , ,1091,11/7/2022, , , ,2/7/2023, , ,10,6,4,,
Pax2-Cre; Tlr4-loxp,1083,11/7/2022, , , , ,1085,11/7/2022, , , ,2/6/2023, , ,6,4,2,,
Pax2-Cre; Tlr4-loxp,1432,2/6/2023,1433,2/6/2023, , ,1436,2/6/2023, , , ,7/1/2023, , ,5,3,2,,
Pax2-Cre; Tlr4-loxp,1432,2/6/2023,1433,2/6/2023, , ,1436,2/6/2023, , , ,8/30/2023, , ,7,2,5,,
Pax2-Cre; Tlr4-loxp,1432,2/6/2023,1433,2/6/2023, , ,1436,2/6/2023, , , ,9/8/2023, , ,6,4,2,,
Pax2-Cre; Tlr4-loxp,1432,2/6/2023,1433,2/6/2023, , ,1436,2/6/2023, , , ,7/20/2023, , ,3,2,1,,
Pax2-Cre; Tlr4-loxp,1442,2/7/2023,1443,2/7/2023, , ,1445,2/7/2023, , , ,8/10/2023, , ,9,3,6,,
Pax2-Cre; Tlr4-loxp,2199,8/14/2023, , , , ,2173,10/18/2023, , , ,1/27/2024, , ,10,3,7,,
Pax2-Cre; Tlr4-loxp; Cdh23 KI,858, ,860, , , ,Cdh23 KI/KI, , , , ,11/18/2022, , ,10,5,5,,
Pax2-Cre; Tlr4-loxp; Cdh23 KI,2004,7/1/2023,2005,7/1/2023, , ,1704,4/12/2023, , ,9/22/2023,10/18/2023,17,11/10/2023,13,7,6,,
Pax2-Cre; Tlr4-loxp; Cdh23 KI,2004,7/1/2023, , , , ,1704,4/12/2023, , ,9/22/2023,11/24/2023,10,12/22/2023,4,0,4,,
Pax2-Cre; Tlr4-loxp; Cdh23 KI,2004,7/1/2023,2005,7/1/2023, , ,1704,4/12/2023, , ,9/22/2023,3/9/2024,5,3/28/2024,5,2,3,,
Pax2-Cre; Tlr4-loxp; Cdh23 KI,2004,7/1/2023,2005,7/1/2023, , ,1704,4/12/2023, , ,9/22/2023,4/6/2024,5,4/22/2024,5,4,1,,
Pax2-Cre; Tlr4-loxp; Cdh23 KI,2004,7/1/2023, , , , ,1704,4/12/2023, , ,9/22/2023,1/24/2024,4, ,4,3,1,,
Pax2-Cre; Tlr4-loxp; Cdh23 KI,2004,7/1/2023, , , , ,1704,4/12/2023, , ,9/22/2023,5/13/2024,3,6/7/2024,2,0,,,
Pax2-Cre; Tlr4-loxp; Cdh23 KI,2005,7/1/2023, , , , ,2060,9/14/2023, , ,11/10/2023,12/2/2023,6,12/28/2023,2,0,2,,
Pax2-Cre; Tlr4-loxp; Cdh23 KI,2005,7/1/2023, , , , ,2060,9/14/2023, , ,11/10/2023,1/23/2024,9,2/13/2024,9,4,5,,
Pax2-Cre; Tlr4-loxp; Cdh23 KI,2005,7/1/2023, , , , ,2060,9/14/2023, , ,11/10/2023,3/9/2024,5,3/28/2024,5, , ,,
Pax2-Cre; Tlr4-loxp; Cdh23 KI,2005,7/1/2023, , , , ,2060,9/14/2023, , ,11/10/2023,4/20/2024,1,5/13/2024,1,1,0,,
Pax2-Cre; Tlr4-loxp; Cdh23 KI,2005,7/1/2023, , , , ,2060,9/14/2023, , ,11/10/2023,4/27/2024,5,5/20/2024,5,4,1,,
Pax2-Cre; Tlr4-loxp; Cdh23 KI,2198,8/14/2023, , , , ,2172,10/18/2023, , ,11/14/2023,1/12/2024,9,2/6/2024,9,6,3,,
Pax2-Cre; Tlr4-loxp; Cdh23 KI,2198,8/14/2023, , , , ,2172,10/18/2023, , ,11/14/2023,3/9/2024,10,3/28/2024,10,3,7,,
Pax2-Cre; Tlr4-loxp; Cdh23 KI,2199,8/14/2023, , , , ,2173,10/18/2023, , ,11/14/2023,3/10/2024,12,3/28/2024,12,2,10,,
Pax2-Cre; Tlr4-loxp; Cdh23 KI,2199,8/14/2023, , , , ,2173,10/18/2023, , ,11/14/2023,12/18/2023,9,1/15/2024,8,4,4,,
Pax2-Cre; Tlr4-loxp; Cdh23 KI,2199,8/14/2023, , , , ,2173,10/18/2023, , ,11/14/2023,4/22/2024,8,5/13/2024,7,4,3,,
Pax2-Cre; Tlr4-loxp; Cdh23 KI,2199,8/14/2023, , , , ,2173,10/18/2023, , ,11/14/2023,1/27/2024,10,2/10/2024,10, , ,,
Pcdh15-KO,1055,9/24/2022,1056,9/24/2022, , ,1057,9/24/2022, , , ,2/8/2023, , ,3,2,1,,
Pcdh15-KO,1283,2/8/2023,1284,2/8/2023, , ,1285,2/8/2023, , , ,5/25/2023, , ,4,2,2,,
Pcdh15-KO,1734,5/25/2023, , , , ,1736,5/25/2023, , , ,12/1/2023, , ,2,1,1,,
Pcdh15-KO,1735,5/25/2023, , , , ,1737,5/25/2023, , , ,9/22/2023, , ,2,1,1,,
Pcdh15-KO,1735,5/25/2023, , , , ,1737,5/25/2023, , , ,11/5/2023, , ,2,1,1,,
Pcdh15-KO,2389,9/22/2023, , , , ,2390,9/22/2023, , ,10/17/2023, , , , , , ,,
Pcdh15-KO,2391,11/5/2023, , , , ,2392,11/5/2023, , ,11/28/2023, , , , , , ,,
Pcdh15-KO,2393,12/1/2023, , , , ,2394,12/1/2023, , ,12/22/2023, , , , , , ,,
Tbx1 KO,1281,2/4/2023, , , , ,1282,2/4/2023, , , ,6/27/2023, , ,2,1,1,,
Tbx1 KO,1281,2/4/2023, , , , ,1282,2/4/2023, , , ,5/10/2023, , ,1,0,1,,
Tbx1 KO,1766,6/27/2023, , , , ,1767,6/27/2023, , , ,8/31/2023, , ,2,1,1,,
Tbx1 KO,1766,6/27/2023, , , , ,1767,6/27/2023, , , ,11/4/2023, , ,4,2,2,,
Tbx1 KO,1976,8/31/2023,1977,8/31/2023, , ,1978,8/31/2023, , ,9/22/2023,11/12/2023,7,12/4/2023,7, , ,,
Tbx1 KO,1976,8/31/2023,1977,8/31/2023, , ,1978,8/31/2023, , ,9/22/2023,12/4/2023, ,Found Dead,Found Dead, , ,,
Tbx1 KO,1976,8/31/2023,1977,8/31/2023, , ,1978,8/31/2023, , ,9/22/2023,3/25/2024,6,4/12/2024,6,5,1,,
Tbx1 KO,1976,8/31/2023,1977,8/31/2023, , ,1978,8/31/2023, , ,9/22/2023,12/25/2023,7,1/17/2024,7, , ,,
Tbx1 KO,1976,8/31/2023,1977,8/31/2023, , ,1978,8/31/2023, , ,9/22/2023,1/23/2024,1,Missing,Missing, , ,,
Tbx1 KO,1976,8/31/2023,1977,8/31/2023, , ,1978,8/31/2023, , ,9/22/2023,4/19/2024,5,5/10/2024,4,1,3,,
Tbx1 KO,1976,8/31/2023,1977,8/31/2023, , ,1978,8/31/2023, , ,9/22/2023,2/5/2024, ,2/27/2024,3,1,2,,
Tbx1 KO,2395,11/4/2023, , , , ,2397,11/4/2023, , ,2/27/2024,3/20/2024,7,4/12/2024,7,5,2,,
Tbx1 KO,2395,11/4/2023, , , , ,2397,11/4/2023, , ,2/27/2024,4/19/2024,2,Missing,Missing, , ,,
Tbx1 KO,2396,11/4/2023, , , , ,2398,11/4/2023, , ,2/27/2024,4/10/2024,6,4/29/2024,5,1,4,,
Tbx1 KO,2395,11/4/2023, , , , ,2397,11/4/2023, , ,2/27/2024,5/15/2024,8,6/7/2024,8,6,2,,
Tbx1 KO,2396,11/4/2023, , , , ,2398,11/4/2023, , ,2/27/2024,4/29/2024,4,5/27/2024,4,2,2,,
Tlr3 KO,1061,8/16/2022, , , , ,1062,8/16/2022, , , ,1/26/2023, , ,6,3,3,,
Tlr3 KO,1286,1/3/2023,1287,1/3/2023, , ,1288,1/3/2023, , , ,4/13/2023, , ,3,2,1,,
Tlr3 KO,1289,1/26/2023,1290,1/26/2023, , ,1292,1/26/2023, , , ,6/1/2023, , ,6,3,3,,
Tlr3 KO,1738,4/13/2023,1739,4/13/2023, , ,1740,4/13/2023, , , ,10/3/2023, , ,3,2,1,,
Tlr3 KO,2386,10/3/2023,2387,10/3/2023, , ,2388,10/3/2023, , ,11/1/2023,1/31/2024,5,2/29/2024,4, , ,,
Tlr3 KO,2386,10/3/2023,2387,10/3/2023, , ,2388,10/3/2023, , ,11/1/2023,3/6/2024,2,3/28/2024,2,0,2,,
Tlr3 KO,2704,2/25/2024,2705,2/25/2024, , ,2706,2/25/2024, , ,4/10/2024,5/3/2024,4,5/24/2024,4,2,2,,
Tlr3 KO,2704,2/25/2024,2705,2/25/2024, , ,2706,2/25/2024, , ,4/10/2024,5/13/2024,3,6/6/2024,3,1,2,,
Tlr3 KO,2704,2/25/2024,2705,2/25/2024, , ,2706,2/25/2024, , ,4/10/2024,6/1/2024,2,,,,,,
Tlr3 KO,2700,1/31/2024,2701,1/31/2024, , ,2703,1/31/2024, , ,4/10/2024,5/1/2024,4,5/22/2024,4,4,0,,
Tlr3 KO,2700,1/31/2024,2701,1/31/2024, , ,2703,1/31/2024, , ,4/10/2024,5/1/2024,2,Missing,Missing, , ,,
Tlr4 KO,1339,12/16/2022,1340,12/16/2022, , ,1344,12/16/2022, , , ,3/26/2023, , ,6,4,2,,
Tlr4 KO,1522,2/7/2023, , , , ,1524,2/7/2023, , , ,5/22/2023, , ,6,3,3,,
Tlr4 KO,1618,3/26/2023,1619,3/26/2023, , ,1621,3/26/2023, , , ,7/25/2023, , ,8,5,3,,
Tlr4 KO,2010,7/25/2023,2011,7/25/2023, , ,2015,7/25/2023, , ,10/5/2023,10/24/2023,7,Found Dead,Found Dead, , ,,
Tlr4 KO,2010,7/25/2023,2011,7/25/2023, , ,2015,7/25/2023, , ,10/5/2023,11/15/2023,3,12/12/2023,2, , ,,
Tlr4 KO,2010,7/25/2023,2011,7/25/2023, , ,2015,7/25/2023, , ,10/5/2023,2/22/2024,8,3/19/2024,5, , ,,
Tlr4 KO,2010,7/25/2023,2011,7/25/2023, , ,2015,7/25/2023, , ,10/5/2023,12/30/2023,4,1/26/2024,4, , ,,
Tlr4 KO,2012,7/25/2023, , , , ,2016,7/25/2023, , ,10/5/2023,10/31/2023,6,11/21/2023,6, , ,,
Tlr4 KO,2012,7/25/2023, , , , ,2016,7/25/2023, , ,10/5/2023,11/26/2023,8,12/22/2023,6,3,3,,
Tlr4 KO,2012,7/25/2023, , , , ,2016,7/25/2023, , ,10/5/2023,2/22/2024,8,3/14/2024,8,4,4,,
Tlr4 KO,2012,7/25/2023, , , , ,2016,7/25/2023, , ,10/5/2023,1/12/2024,4,2/6/2024,3,2,1,,
Tlr4 KO,2014,7/25/2023, , , , ,2017,7/25/2023, , ,10/5/2023,11/20/2023,3,12/15/2023,3, , ,,
Tlr4 KO,2014,7/25/2023, , , , ,2017,7/25/2023, , ,10/5/2023,12/31/2023,6,1/26/2024,6, , ,,
Tlr4 KO,2447,11/26/2023, , , , ,2451,11/26/2023, , ,3/21/2024,4/19/2024,1,Missing,Missing, , ,,
Tlr4 KO,2447,11/26/2023, , , , ,2451,11/26/2023, , ,3/21/2024,5/9/2024,5,5/27/2024,5,3,2,,
Tlr4 KO,2448,11/26/2023, , , , ,2450,11/26/2023, , ,3/21/2024,5/2/2024,7,5/27/2024,7,3,4,,
Tlr4 KO,2453,1/12/2024,2454,1/12/2024, , ,2455,1/12/2024, , ,3/19/2024,4/10/2024,5, , , ,0,,
Tlr4 KO,2453,1/12/2024,2454,1/12/2024, , ,2455,1/12/2024, , ,3/19/2024,4/27/2024,6,5/20/2024,7,5,2,,
Tlr4 KO,2453,1/12/2024,2454,1/12/2024, , ,2455,1/12/2024, , ,3/19/2024,5/5/2024,4,5/27/2024,4,2,2,,
Tlr4 KO; Cdh23 KI,899, , , , , ,Cdh23 KI/KI, , , , ,10/31/2022, , ,6,5,1,,
Tlr4 KO; Cdh23 KI,899, , , , , ,Cdh23 KI/KI, , , , ,12/5/2022, , ,11,7,4,,
Tlr4 KO; Cdh23 KI,1145,10/31/2022,1148,10/31/2022, , ,1149,10/31/2022, , , ,2/4/2023, , ,19,10,9,,
Tlr4 KO; Cdh23 KI,1333,2/2/2023,1334,2/2/2023, , ,1336,2/2/2023, , , ,4/12/2023, , ,8,4,4,,
Tlr4 KO; Cdh23 KI,1333,2/2/2023,1334,2/2/2023, , ,1336,2/2/2023, , , ,7/1/2023, , ,4,2,2,,
Tlr4 KO; Cdh23 KI,1333,2/2/2023,1334,2/2/2023, , ,1336,2/2/2023, , , ,6/5/2023, , ,11,6,5,,
Tlr4 KO; Cdh23 KI,1394,2/4/2023, , , , ,1400,2/4/2023, , , ,4/20/2023, , ,3,2,1,,
Tlr4 KO; Cdh23 KI,1394,2/4/2023, , , , ,1400,2/4/2023, , , ,5/25/2023, , ,10,6,4,,
Tlr4 KO; Cdh23 KI,1858,4/20/2023,1859,4/20/2023, , ,1860,4/20/2023, , , ,7/1/2023, , ,6,4,2,,
Tlr4 KO; Cdh23 KI,1858,4/20/2023,1859,4/20/2023, , ,1860,4/20/2023, , , ,7/1/2023, , ,6,4,2,,
Tlr4 KO; Cdh23 KI,1858,4/20/2023,1859,4/20/2023, , ,1860,4/20/2023, , , ,8/14/2023, , ,6,3,3,,
Tlr4 KO; Cdh23 KI,2006,7/1/2023, , , , ,2008,7/1/2023, , ,9/22/2023,11/29/2023,9,12/28/2023,8,5,3,,
Tlr4 KO; Cdh23 KI,2006,7/1/2023, , , , ,2008,7/1/2023, , ,9/22/2023,10/17/2023,5,11/9/2023,4, , ,,
Tlr4 KO; Cdh23 KI,2006,7/1/2023, , , , ,2008,7/1/2023, , ,9/22/2023,1/13/2024,5,2/6/2024,5, , ,,
Tlr4 KO; Cdh23 KI,2006,7/1/2023, , , , ,2008,7/1/2023, , ,9/22/2023,3/4/2024, ,Found Dead,Found Dead, , ,,
Tlr4 KO; Cdh23 KI,2006,7/1/2023, , , , ,2008,7/1/2023, , ,9/22/2023,2/6/2024,3,Found Dead,Found Dead, , ,,
Tlr4-loxp; Cdh23 KI,2007,7/1/2023, , , , ,2009,7/1/2023, , ,9/22/2023,10/18/2023,3,11/9/2023,3, , ,,
Tlr4-loxp; Cdh23 KI,2007,7/1/2023, , , , ,2009,7/1/2023, , ,9/22/2023,11/24/2023,10,12/20/2023,10, , ,,
Tlr4-loxp; Cdh23 KI,2007,7/1/2023, , , , ,2009,7/1/2023, , ,9/22/2023,2/28/2024,8,3/25/2024,7,2,5,,
Tlr4-loxp; Cdh23 KI,2007,7/1/2023, , , , ,2009,7/1/2023, , ,9/22/2023,1/3/2024,8,1/24/2024,6, , ,,
Tlr4-loxp; Cdh23 KI,2200,8/14/2023, , , , ,2203,8/14/2023, , ,11/14/2023,12/5/2023,9,12/30/2023,9,4,5,,
Tlr4-loxp; Cdh23 KI,2200,8/14/2023, , , , ,2203,8/14/2023, , ,11/14/2023,2/26/2024,8,Missing,Missing, , ,,
Tlr4-loxp; Cdh23 KI,2200,8/14/2023, , , , ,2203,8/14/2023, , ,11/14/2023,3/21/2024,1,Found Dead,Found Dead, , ,,
Tlr4-loxp; Cdh23 KI,2479,12/5/2023,2480,12/5/2023, , ,2486,12/5/2023, , ,4/10/2024,5/2/2024,7,5/24/2024,6,3,3,,
Tlr4-loxp; Cdh23 KI,2481,12/5/2023,2482,12/5/2023, , ,2485,12/5/2023, , ,4/10/2024,5/5/2024,7,5/27/2024,7,3,4,,
Tlr4-loxp; Cdh23 KI,2481,12/5/2023,2482,12/5/2023, , ,2485,12/5/2023, , ,4/10/2024,5/14/2024,7,6/6/2024,7,5,2,,
Tlr7 KO,1319,9/23/2022, , , , ,1320,9/23/2022, , , ,2/9/2023, , ,9,6,3,,
Tlr7 KO,1321,9/23/2022,1322,9/23/2022, , ,1323,9/23/2022, , , ,3/1/2023, , ,6,3,3,,
Tlr7 KO,1326,2/9/2023,1327,2/9/2023, , ,1331,2/9/2023, , , ,5/18/2023, , ,6,4,2,,
Tlr7 KO,1326,2/9/2023,1327,2/9/2023, , ,1331,2/9/2023, , , ,6/15/2023, , ,9,6,3,,
Tlr7 KO,1815,5/18/2023,1816,5/18/2023, , ,1818,5/18/2023, , ,10/24/2023,8/14/2023, , ,2,1,1,,
Tlr7 KO,1815,5/18/2023,1816,5/18/2023, , ,1818,5/18/2023, , ,10/24/2023,11/16/2023,9,12/4/2023,4,2,2,,
Tlr7 KO,1815,5/18/2023,1816,5/18/2023, , ,1818,5/18/2023, , ,10/24/2023,12/28/2023,12,1/19/2024,12, , ,,
Tlr7 KO,1815,5/18/2023,1816,5/18/2023, , ,1818,5/18/2023, , ,10/24/2023,1/19/2024,Found Dead,Found Dead,Found Dead, , ,,
Tlr7 KO,2433,8/14/2023, , , , ,2434,8/14/2023, , ,10/24/2023,11/16/2023,9,45264,9, , ,,
Tlr7 KO,2433,8/14/2023, , , , ,2434,8/14/2023, , ,10/24/2023,12/28/2023,12,45310,12, , ,,
Tlr7 KO,2433,8/14/2023, , , , ,2434,8/14/2023, , ,10/24/2023,1/19/2024, ,Found Dead,Found Dead, , ,,
Tlr7 KO,2433,8/14/2023, , , , ,2434,8/14/2023, , ,10/24/2023,2/10/2024,9,45356,9, , ,,
Tlr7 KO,2435,11/16/2023, , , , ,2436,11/16/2023, , ,1/19/2024,3/3/2024,5,3/25/2024,5,2,3,,
Tlr7 KO,2435,11/16/2023, , , , ,2436,11/16/2023, , ,1/19/2024,2/12/2024,9,3/5/2024,9, , ,,
Tlr7 KO,2435,11/16/2023, , , , ,2436,11/16/2023, , ,1/19/2024,4/14/2024,6,5/6/2024,6,3,3,,
Tlr7 KO,2435,11/16/2023, , , , ,2436,11/16/2023, , ,1/19/2024,5/6/2024,5,5/28/2024,5,2,3,,
Tlr7 KO,2437,11/16/2023, , , , ,2438,11/16/2023, , ,1/19/2024,3/3/2024,2,3/28/2024,2,1,1,,
Tlr7 KO,2437,11/16/2023, , , , ,2438,11/16/2023, , ,1/19/2024,2/12/2024,6,3/5/2024,4, , ,,
Tlr7 KO,2437,11/16/2023, , , , ,2438,11/16/2023, , ,1/19/2024,4/17/2024,6,5/6/2024,14,6,8,,
Tlr7 KO,2437,11/16/2023, , , , ,2438,11/16/2023, , ,1/19/2024,3/25/2024,8,4/12/2024,8, , ,,
Tlr7 KO,2437,11/16/2023, , , , ,2438,11/16/2023, , ,1/19/2024,5/16/2024,13,6/7/2024,13,5,8,,
Tlr7 KO; Cdh23 KI,1181,11/7/2022, , , , ,1186,10/31/2022, , , ,2/3/2023, , ,6,0,6,,
Tlr7 KO; Cdh23 KI,1181,11/7/2022, , , , ,1186,10/31/2022, , , ,4/19/2023, , ,5,3,2,,
Tlr7 KO; Cdh23 KI,1181,11/7/2022, , , , ,1186,10/31/2022, , , ,6/2/2023, , ,9,4,5,,
Tlr7 KO; Cdh23 KI,1182,11/7/2022, , , , ,1187,10/31/2022, , , ,2/26/2023, ,3/27/2023,7,4,3,,
Tlr7 KO; Cdh23 KI,1182,11/7/2022, , , , ,1187,10/31/2022, , , ,5/6/2023, , ,6,2,4,,
Trpa1 KO,964,9/7/2022, , , , ,967,9/7/2022, , , ,1/31/2023, , ,4,2,2,,
Trpa1 KO,1295,1/31/2023, , , , ,1297,1/31/2023, , , ,6/15/2023, , ,2,1,1,,
Trpa1 KO,1296,1/31/2023, , , , ,1298,1/31/2023, , , ,6/5/2023, , ,2,1,1,,
Trpa1 KO,1296,1/31/2023, , , , ,1298,1/31/2023, , , ,8/2/2023, , ,5,3,2,,
Trpa1 KO,1730,6/5/2023, , , , ,1731,6/5/2023, , , ,12/20/2023, , ,4,2,2,,
Trpa1 KO,1971,8/2/2023, , , , ,1974,8/2/2023, , , ,10/29/2023, , ,4,2,2,,
Trpa1 KO,2249,10/29/2023, , , , ,2250,10/29/2023, , ,1/19/2024,2/7/2024,Found Dead,Found Dead,Found Dead, , ,,
Trpa1 KO,2251,10/29/2023, , , , ,2252,10/29/2023, , ,1/19/2024, , , , , , ,,
Trpa1 KO,2253,12/10/2023, , , , ,2254,12/10/2023, , ,1/19/2024,5/6/2024,2,Missing,Missing,,,,
Trpa1 KO,2253,12/10/2023, , , , ,2254,12/10/2023, , ,1/19/2024,4/11/2024,5,5/6/2024,5,2,3,,
Trpa1 KO,2253,12/10/2023, , , , ,2254,12/10/2023, , ,1/19/2024,2/18/2024,5,3/10/2024,5,2,3,,
Trpa1 KO,2253,12/10/2023, , , , ,2254,12/10/2023, , ,1/19/2024,3/19/2024,5,4/12/2024,4,0,4,,
Trpa1 KO,2643,2/18/2024, , , , ,2644,2/18/2024, , ,3/28/2024,4/18/2024,4,5/10/2024,4,2,2,,
Trpv1 KO,561, ,562, , , ,563, , , , ,12/19/2022, , ,3,1,2,,
Trpv1 KO,989,9/7/2022,990,9/7/2022, , ,996,9/7/2022,997,9/7/2022, ,2/4/2023, , ,6,3,3,,
Trpv1 KO,989,9/7/2022,990,9/7/2022, , ,996,9/7/2022,997,9/7/2022, ,2/4/2023, , ,6,3,3,,
Trpv1 KO,1622,2/4/2023, , , , ,1625,2/4/2023, , , ,8/10/2023, , ,2,1,1,,
Trpv1 KO,1623,2/4/2023, , , , ,1626,2/4/2023, , , ,6/30/2023, , ,5,3,2,,
Trpv1 KO,2465,8/10/2023, , , , ,2466,8/10/2023, , ,9/6/2023,11/28/2023,9,12/22/2023,4,2,2,,
Trpv1 KO,2465,8/10/2023, , , , ,2466,8/10/2023, , ,9/6/2023,10/18/2023,7,11/10/2023,7, , ,,
Trpv1 KO,2465,8/10/2023, , , , ,2466,8/10/2023, , ,9/6/2023,12/28/2023,5,1/19/2024,4, , ,,
Trpv1 KO,2465,8/10/2023, , , , ,2466,8/10/2023, , ,9/6/2023,2/21/2024,9, , , , ,,
Trpv1 KO; B6N-Cdh23 KI,2501,12/25/2023, , , , ,2505,12/25/2023, , ,3/19/2024,5/7/2024,7,5/27/2024,6,1,5,,
Trpv1 KO; B6N-Cdh23 KI,2503,12/25/2023, , , , ,2507,12/25/2023, , ,3/19/2024,5/10/2024,8,Found Dead,Found Dead, ,,,
Trpv1 KO; Cdh23 KI,1000,9/29/2022,1002,9/29/2022, , ,1012,9/29/2022, , , ,12/13/2022, , ,5,1,4,,
Trpv1 KO; Cdh23 KI,1000,9/29/2022,1002,9/29/2022, , ,1012,9/29/2022, , , ,12/6/2022, , ,9,3,6,,
Trpv1 KO; Cdh23 KI,1161,12/13/2022, , , , ,1162,12/13/2022, , , ,4/20/2023, , ,6,3,3,,
Trpv1 KO; Cdh23 KI,1161,12/13/2022, , , , ,1162,12/13/2022, , , ,2/25/2023, ,3/26/2023,5,5,0,,
Trpv1 KO; Cdh23 KI,1167,12/6/2022,1168,12/6/2022, , ,1178,12/6/2022, , , ,2/28/2023, ,3/26/2023,6,0,6,,
Trpv1 KO; Cdh23 KI,1690,4/20/2023, , , , ,1694,4/20/2023, , , ,10/10/2023, , ,3,2,1,,
Trpv1 KO; Cdh23 KI,2498,10/10/2023,2499,10/10/2023, , ,2500,10/10/2023, , ,11/10/2023,12/25/2023, , ,8,4,4,,
Trpv1 KO; Cdh23 KI,2498,10/10/2023,2499,10/10/2023, , ,2500,10/10/2023, , ,11/10/2023,12/25/2023,10,1/19/2024,10, , ,,
Trpv1 KO; Cdh23 KI,2498,10/10/2023,2499,10/10/2023, , ,2500,10/10/2023, , ,11/10/2023,2/10/2024,7,3/1/2024,7, , ,,
Trpv1 KO; Cdh23 KI,2498,10/10/2023,2499,10/10/2023, , ,2500,10/10/2023, , ,11/10/2023,3/5/2024,3,Found Dead,Found Dead, , ,,
Trpv1 KO; Cdh23 KI,2498,10/10/2023,2499,10/10/2023, , ,2500,10/10/2023, , ,11/10/2023,4/29/2024,4,5/20/2024,3,2,1,,
Trpv1 KO; Cdh23 KI,2498,10/10/2023,2499,10/10/2023, , ,2500,10/10/2023, , ,11/10/2023,5/19/2024,3,,,,,,
Trpv1 KO; Cdh23 KI,2498,10/10/2023,2499,10/10/2023, , ,2500,10/10/2023, , ,11/10/2023,4/4/2024,9,4/29/2024,10,5,5,,
Trpv1 KO; Cdh23 KI,2498,10/10/2023,2499,10/10/2023, , ,2500,10/10/2023, , ,11/10/2023,2/6/2024,7, , , , ,,
Trpv1-flox,1449,12/30/2022, , , , ,1453,10/20/2022, , , ,5/25/2023, , ,7,4,3,,
Trpv1-flox,1449,12/30/2022, , , , ,1453,10/20/2022, , , ,3/28/2023, , ,4,4,0,,
Trpv1-flox,1452,10/20/2022, , , , ,1453,10/20/2022, , , ,4/5/2023, , ,2,0,2,,
Trpv1-flox,1452,10/20/2022, , , , ,1453,10/20/2022, , , ,4/27/2023, , ,4,4,0,,
Trpv1-flox,1452,10/20/2022, , , , ,1453,10/20/2022, , , ,5/20/2023, , ,2,1,1,,
Trpv1-flox,1452,10/20/2022, , , , ,1453,10/20/2022, , , ,6/7/2023, , ,2,1,1,,
Trpv1-flox,1630,4/27/2023, , , , ,1628,4/5/2023, , , ,10/23/2023, , ,3,2,1,,
Trpv1-flox,1632,4/27/2023,1633,4/27/2023, , ,1629,4/5/2023, , , ,8/17/2023, , ,6,3,3,,
Trpv1-flox,1632,4/27/2023,1633,4/27/2023, , ,1629,4/5/2023, , , ,11/5/2023, , ,5,3,2,,
Trpv1-flox,1771,4/11/2023, , , , ,1811,5/28/2023, , , ,8/29/2023, , ,4,4,0,,
Trpv1-flox,1793,5/25/2023,1804,5/25/2023, , ,1799,5/25/2023,1797,5/25/2023, ,8/30/2023, , ,12,6,6,,
Trpv1-flox,2410,11/5/2023,2411,11/5/2023, , ,2412,11/5/2023, , ,1/9/2024,1/31/2024,8,2/21/2024,8,5,3,,
Trpv1-flox,2410,11/5/2023,2411,11/5/2023, , ,2412,11/5/2023, , ,1/9/2024,3/21/2024,5,4/12/2024,5,4,1,,
Trpv1-flox,2410,11/5/2023,2411,11/5/2023, , ,2412,11/5/2023, , ,1/9/2024,2/23/2024,8,3/14/2024,6,3,3,,
Trpv1-flox,2410,11/5/2023,2411,11/5/2023, , ,2412,11/5/2023, , ,1/9/2024,5/9/2024,7,5/30/2024,6,4,2,,
Trpv1-flox,2410,11/5/2023,2411,11/5/2023, , ,2412,11/5/2023, , ,1/9/2024,2/4/2024,9,2/27/2024,9, , ,,
Trpv1-flox,2413,10/23/2023, , , , ,2415,10/23/2023, , ,1/9/2024,2/27/2024,8,3/19/2024,8, , ,,
Trpv1-flox,2413,10/23/2023, , , , ,2415,10/23/2023, , ,1/9/2024,2/5/2024,13,2/27/2024,5, , ,,
Trpv1-flox,2413,10/23/2023, , , , ,2415,10/23/2023, , ,1/9/2024,4/7/2024,6,4/26/2024,5,2,3,,
Trpv1-flox,2413,10/23/2023, , , , ,2415,10/23/2023, , ,1/9/2024,3/15/2024,10,4/5/2024,5,3,2,,
Trpv1-flox,2413,10/23/2023, , , , ,2415,10/23/2023, , ,1/9/2024,4/29/2024,7,5/20/2024,9,6,3,,
Trpv1-flox,2413,10/23/2023,2414,10/23/2023, , ,2415,10/23/2023, , ,1/9/2024,1/30/2024,10, , , ,0,,
Trpv1-flox,2413,10/23/2023,2414,10/23/2023,,,2415,10/23/2023,,,1/9/2024,5/19/2024,9,6/6/2024,11,7,4,,
Trpv1-flox,2416,11/5/2023, , , , ,2417,11/5/2023, , ,1/9/2024,1/30/2024,7,2/21/2024,7,4,3,,
Trpv1-flox,2416,11/5/2023, , , , ,2417,11/5/2023, , ,1/9/2024,2/21/2024,7,3/14/2024,7, , ,,
Trpv1-flox,, ,2414,10/23/2023, , ,2415,10/23/2023, , ,1/9/2024,2/5/2024, ,2/27/2024,4,4,0,,
Trpv1-flox; B6N-Cdh23 KI,1645,3/28/2023,1646,3/28/2023, , ,B6N-Cdh23 KI, , , , ,5/25/2023, , ,14,7,7,,
Trpv1-flox; B6N-Cdh23 KI,2043,8/30/2023, , , , ,2049,8/30/2023, , ,11/1/2023,11/24/2023,6,12/20/2023,3, , ,,
Trpv1-flox; B6N-Cdh23 KI,2043,8/30/2023, , , , ,2049,8/30/2023, , ,11/1/2023,2/20/2024,9,3/10/2024,9,7,2,,
Trpv1-flox; B6N-Cdh23 KI,2043,8/30/2023, , , , ,2049,8/30/2023, , ,11/1/2023,12/15/2023,7,1/9/2024,7, , ,,
Trpv1-flox; B6N-Cdh23 KI,2043,8/30/2023, , , , ,2049,8/30/2023, , ,11/1/2023,1/7/2024,8,2/6/2024,8,5,3,,
Trpv1-flox; B6N-Cdh23 KI,2043,8/30/2023, , , , ,2049,8/30/2023, , ,11/1/2023,3/16/2024,7,4/5/2024,5, , ,,
Trpv1-flox; B6N-Cdh23 KI,2043,8/30/2023, , , , ,2049,8/30/2023, , ,11/1/2023,4/9/2024,7,4/29/2024,8,2,6,,
Trpv1-flox; B6N-Cdh23 KI,2043,8/30/2023, , , , ,2049,8/30/2023, , ,11/1/2023,5/2/2024,8,5/21/2024,9,2,7,,
Trpv1-flox; B6N-Cdh23 KI,2648,2/20/2024, , , , ,2655,2/20/2024, , ,4/10/2024,5/3/2024,5,5/22/2024,5,1,4,,
Trpv1-flox; B6N-Cdh23 KI,2648,2/20/2024, , , , ,2655,2/20/2024, , ,4/10/2024,5/21/2024,5,6/10/2024,7,3,4,,
Trpv1-flox; B6N-Cdh23 KI,2649,2/20/2024, , , , ,2656,2/20/2024, , ,4/10/2024,5/11/2024,5,5/31/2024,6,3,,,
B6N,2307,1/8/2024,,,,,2309,1/8/2024,,,5/13/2024,,,,,,,,
B6N,2306,1/23/2024,,,,,2308,1/8/2024,,,5/13/2024,,,,,,,,
B6N-Cdh23 KI; B6N,2750,3/12/2024,,,,,2561,1/31/2024,,,5/13/2024,,,,,,,,
Myd88 KO,2802,4/2/2024,2803,4/2/2024,,,2807,4/2/2024,,,5/13/2024,,,,,,,,
Myd88 KO,2804,4/2/2024,2805,4/2/2024,,,2808,4/2/2024,,,5/13/2024,,,,,,,,
Cachd1 KO,2763,3/13/2024,,,,,2765,3/13/2024,,,5/13/2024,,,,,,,,
Cachd1 KO,2764,3/13/2024,,,,,2766,3/13/2024,,,5/13/2024,,,,,,,,
Trpv1-flox,2768,3/15/2024,,,,,2771,3/15/2024,,,5/13/2024,,,,,,,,
Trpv1-flox,2769,3/15/2024,,,,,2772,3/15/2024,,,5/13/2024,,,,,,,,
Tlr7 KO,2730,3/3/2024,,,,,2728,3/3/2024,,,5/13/2024,,,,,,,,
Tlr7 KO,2731,3/3/2024,,,,,2729,3/3/2024,,,5/13/2024,,,,,,,,
Tlr7 KO,2629,2/12/2024,,,,,2631,2/12/2024,,,5/13/2024,,,,,,,,
Tlr7 KO,2630,2/12/2024,,,,,2632,2/12/2024,,,5/13/2024,,,,,,,,
Myd88-loxp; B6N-Cdh23 KI,2600,2/8/2024,2601,2/8/2024,,,2602,2/8/2024,,,5/17/2024,,,,,,,,
Ifnr KO,2231,1/17/2024,,,,,2234,1/17/2024,,,5/17/2024,,,,,,,,
Ifnr KO,2205,1/11/2024,,,,,2206,1/11/2024,,,5/17/2024,,,,,,,,
Pax2-Cre; Tlr4-loxp; B6N-Cdh23 KI,2549,1/27/2024,,,,,2554,1/27/2024,,,5/14/2024,,,,,,,,
Pax2-Cre; Tlr4-loxp; B6N-Cdh23 KI,2550,1/27/2024,,,,,2555,1/27/2024,,,5/14/2024,,,,,,,,
Pax2-Cre; Tlr4-loxp; B6N-Cdh23 KI,2528,1/12/2024,,,,,2556,1/27/2024,,,5/14/2024,,,,,,,,
Pcdh15 KO; C57BL/6J,2393,12/1/2023,,,,,2829,4/8/2024,,,5/14/2024,,,,,,,,
C57BL/6J; Pcdh15 KO,2826,4/8/2024,,,,,2394,12/1/2023,,,5/14/2024,,,,,,,,
